Buffering the Vampire Slayer,0.00: New Podcast Rising,"Sep 1, 2016",2 minutes
Buffering the Vampire Slayer,1.01: Welcome to the Hellmouth,"Sep 14, 2016",46 minutes
Buffering the Vampire Slayer,1.02: The Harvest,"Sep 21, 2016",50 minutes
Buffering the Vampire Slayer,1.03: Witch,"Sep 28, 2016",54 minutes
Buffering the Vampire Slayer,1.04: Teacher's Pet,"Oct 5, 2016",50 minutes
Buffering the Vampire Slayer,1.05: Never Kill a Boy on the First Date,"Oct 12, 2016",59 minutes
Buffering the Vampire Slayer,1.06: The Pack,"Oct 19, 2016",65 minutes
Buffering the Vampire Slayer,0.01: Welcome to the Mailbag!,"Oct 26, 2016",32 minutes
Buffering the Vampire Slayer,1.07: Angel,"Nov 2, 2016",62 minutes
Buffering the Vampire Slayer,"1.08: I, Robot... You, Jane","Nov 9, 2016",73 minutes
Buffering the Vampire Slayer,1.09: The Puppet Show,"Nov 16, 2016",64 minutes
Buffering the Vampire Slayer,0.02: An Interview with Armin Shimerman,"Nov 19, 2016",25 minutes
Buffering the Vampire Slayer,1.10: Nightmares,"Nov 23, 2016",63 minutes
Buffering the Vampire Slayer,"1.11: Out of Mind, Out of Sight","Nov 30, 2016",65 minutes
Buffering the Vampire Slayer,1.12: Prophecy Girl,"Dec 7, 2016",73 minutes
Buffering the Vampire Slayer,0.03: Welcome to the Mailbag Vol. 2,"Jan 4, 2017",46 minutes
Buffering the Vampire Slayer,2.01: When She Was Bad,"Jan 11, 2017",69 minutes
Buffering the Vampire Slayer,2.02: Some Assembly Required,"Jan 18, 2017",82 minutes
Buffering the Vampire Slayer,2.03: School Hard,"Jan 25, 2017",68 minutes
Buffering the Vampire Slayer,2.04: Inca Mummy Girl,"Feb 1, 2017",70 minutes
Buffering the Vampire Slayer,2.05: Reptile Boy,"Feb 8, 2017",71 minutes
Buffering the Vampire Slayer,2.06: Halloween,"Feb 15, 2017",69 minutes
Buffering the Vampire Slayer,0.04: Welcome to the Mailbag Vol. 3,"Feb 22, 2017",43 minutes
Buffering the Vampire Slayer,2.07: Lie To Me,"Mar 1, 2017",72 minutes
Buffering the Vampire Slayer,2.08: The Dark Age,"Mar 8, 2017",69 minutes
Buffering the Vampire Slayer,"0.05: Happy 20th Anniversary, Buffy!","Mar 10, 2017",18 minutes
Buffering the Vampire Slayer,2.09: What's My Line (Part 1),"Mar 15, 2017",57 minutes
Buffering the Vampire Slayer,2.10: What's My Line (Part 2),"Mar 22, 2017",61 minutes
Buffering the Vampire Slayer,2.11: Ted,"Mar 29, 2017",64 minutes
Buffering the Vampire Slayer,2.12: Bad Eggs,"Apr 5, 2017",65 minutes
Buffering the Vampire Slayer,0.06: Welcome to the Mailbag Vol. 4,"Apr 12, 2017",45 minutes
Buffering the Vampire Slayer,2.13: Surprise,"Apr 19, 2017",73 minutes
Buffering the Vampire Slayer,2.14: Innocence,"Apr 26, 2017",89 minutes
Buffering the Vampire Slayer,2.15: Phases,"May 3, 2017",70 minutes
Buffering the Vampire Slayer,"2.16: Bewitched, Bothered and Bewildered","May 10, 2017",67 minutes
Buffering the Vampire Slayer,2.17: Passion,"May 24, 2017",61 minutes
Buffering the Vampire Slayer,2.18: Killed By Death,"May 31, 2017",69 minutes
Buffering the Vampire Slayer,2.19: I Only Have Eyes For You,"Jun 7, 2017",56 minutes
Buffering the Vampire Slayer,2.20: Go Fish,"Jun 14, 2017",66 minutes
Buffering the Vampire Slayer,0.07: Welcome to the Mailbag Vol. 5,"Jun 21, 2017",42 minutes
Buffering the Vampire Slayer,2.21: Becoming (Part 1),"Jun 28, 2017",66 minutes
Buffering the Vampire Slayer,2.22: Becoming (Part 2),"Jul 5, 2017",77 minutes
Buffering the Vampire Slayer,0.08: Wonder Woman!,"Jul 12, 2017",63 minutes
Buffering the Vampire Slayer,0.09: Season 2 Wrap-Up,"Jul 19, 2017",69 minutes
Buffering the Vampire Slayer,3.01: Anne,"Sep 6, 2017",98 minutes
Buffering the Vampire Slayer,3.02: Dead Man's Party,"Sep 13, 2017",56 minutes
Buffering the Vampire Slayer,"3.03: Faith, Hope & Trick","Sep 20, 2017",76 minutes
Buffering the Vampire Slayer,3.04: Beauty and the Beasts,"Oct 4, 2017",72 minutes
Buffering the Vampire Slayer,3.05: Homecoming,"Oct 11, 2017",76 minutes
Buffering the Vampire Slayer,3.06: Band Candy,"Oct 18, 2017",76 minutes
Buffering the Vampire Slayer,3.07: Revelations,"Nov 1, 2017",90 minutes
Buffering the Vampire Slayer,3.08: Lover's Walk,"Nov 8, 2017",95 minutes
Buffering the Vampire Slayer,3.09: The Wish,"Nov 15, 2017",81 minutes
Buffering the Vampire Slayer,3.10: Amends,"Nov 29, 2017",103 minutes
Buffering the Vampire Slayer,3.11: Gingerbread,"Dec 6, 2017",98 minutes
Buffering the Vampire Slayer,3.12: Helpless,"Dec 13, 2017",107 minutes
Buffering the Vampire Slayer,"0.12: Santa Barbara, The Mayor, & Nerf Herder","Dec 27, 2017",59 minutes
Buffering the Vampire Slayer,3.13: The Zeppo,"Jan 3, 2018",87 minutes
Buffering the Vampire Slayer,3.14: Bad Girls,"Jan 10, 2018",100 minutes
Buffering the Vampire Slayer,3.15: Consequences,"Jan 17, 2018",71 minutes
Buffering the Vampire Slayer,3.16: Doppelg√§ngland,"Jan 31, 2018",106 minutes
Buffering the Vampire Slayer,3.17: Enemies,"Feb 7, 2018",94 minutes
Buffering the Vampire Slayer,3.18: Earshot,"Feb 14, 2018",90 minutes
Buffering the Vampire Slayer,3.19: Choices,"Feb 28, 2018",71 minutes
Buffering the Vampire Slayer,3.20: The Prom,"Mar 7, 2018",69 minutes
Buffering the Vampire Slayer,3.21: Graduation Day Part 1,"Mar 21, 2018",56 minutes
Buffering the Vampire Slayer,3.22: Graduation Day Part 2,"Mar 28, 2018",83 minutes
Buffering the Vampire Slayer,0.13: Interview with Harry Groener!!,"Apr 4, 2018",60 minutes
Buffering the Vampire Slayer,4.01: The Freshman,"May 23, 2018",76 minutes
Buffering the Vampire Slayer,4.02: Living Conditions,"Jun 6, 2018",73 minutes
Buffering the Vampire Slayer,4.03: The Harsh Light of Day,"Jun 20, 2018",92 minutes
Buffering the Vampire Slayer,"4.04: Fear, Itself","Jul 4, 2018",95 minutes
Buffering the Vampire Slayer,4.05: Beer Bad,"Jul 18, 2018",106 minutes
Buffering the Vampire Slayer,4.06: Wild At Heart,"Aug 1, 2018",85 minutes
Buffering the Vampire Slayer,4.07: The Initiative,"Aug 15, 2018",83 minutes
Buffering the Vampire Slayer,4.08: Pangs,"Aug 29, 2018",98 minutes
Buffering the Vampire Slayer,0.14: Welcome to the Mailbag Vol. 6,"Sep 19, 2018",59 minutes
Buffering the Vampire Slayer,A1.08: I Will Remember You,"Oct 3, 2018",88 minutes
Buffering the Vampire Slayer,4.09: Something Blue,"Oct 10, 2018",90 minutes
Buffering the Vampire Slayer,4.10: Hush,"Oct 24, 2018",114 minutes
Buffering the Vampire Slayer,4.10.02: Hush Part Two,"Oct 31, 2018",109 minutes
Buffering the Vampire Slayer,4.11: Doomed,"Nov 6, 2018",81 minutes
Buffering the Vampire Slayer,4.12: A New Man,"Nov 21, 2018",84 minutes
Buffering the Vampire Slayer,4.13: The I In Team,"Dec 5, 2018",79 minutes
Buffering the Vampire Slayer,4.14: Goodbye Iowa,"Dec 19, 2018",97 minutes
Buffering the Vampire Slayer,4.15: This Year's Girl,"Jan 9, 2019",77 minutes
Buffering the Vampire Slayer,4.16: Who Are You?,"Jan 24, 2019",82 minutes
Buffering the Vampire Slayer,4.17: Superstar,"Feb 6, 2019",88 minutes
Buffering the Vampire Slayer,4.18: Where the Wild Things Are,"Feb 20, 2019",84 minutes
Buffering the Vampire Slayer,4.19: New Moon Rising,"Mar 6, 2019",96 minutes
Buffering the Vampire Slayer,4.20: The Yoko Factor,"Mar 20, 2019",95 minutes
Buffering the Vampire Slayer,0.15: Interview with James Marsters,"Mar 27, 2019",107 minutes
Buffering the Vampire Slayer,4.21: Primeval,"Apr 3, 2019",87 minutes
Buffering the Vampire Slayer,0.16: Interview with Sophia Crawford & Jeff Pruitt,"Apr 17, 2019",60 minutes
Buffering the Vampire Slayer,4.22: Restless,"Apr 24, 2019",89 minutes
Buffering the Vampire Slayer,4.22.02: Restless Part Two,"May 1, 2019",83 minutes
Buffering the Vampire Slayer,0.17: Interview with Seth Green,"Jun 7, 2019",59 minutes
Buffering the Vampire Slayer,0.18: Interview with Charisma Carpenter,"Jul 23, 2019",86 minutes
Buffering the Vampire Slayer,5.01: Buffy vs Dracula,"Sep 18, 2019",130 minutes
Buffering the Vampire Slayer,5.02: Real Me,"Oct 2, 2019",82 minutes
Buffering the Vampire Slayer,"0.19: Gaby Dunn, Mal Blum, and Dawn Summers","Oct 4, 2019",42 minutes
Buffering the Vampire Slayer,0.20: Interview with Mercedes McNab,"Oct 9, 2019",41 minutes
Buffering the Vampire Slayer,5.03: The Replacement,"Oct 16, 2019",87 minutes
Buffering the Vampire Slayer,5.04: Out of My Mind,"Oct 30, 2019",80 minutes
Buffering the Vampire Slayer,5.05: No Place Like Home,"Nov 13, 2019",93 minutes
Buffering the Vampire Slayer,5.06: Family,"Nov 27, 2019",98 minutes
Buffering the Vampire Slayer,5.07: Fool For Love,"Dec 11, 2019",120 minutes
Buffering the Vampire Slayer,5.08: Shadow,"Jan 8, 2020",84 minutes
Buffering the Vampire Slayer,5.09: Listening to Fear,"Jan 22, 2020",91 minutes
Buffering the Vampire Slayer,5.10: Into the Woods,"Feb 5, 2020",101 minutes
Buffering the Vampire Slayer,0.21: Interview with Marc Blucas,"Feb 11, 2020",78 minutes
Buffering the Vampire Slayer,5.11: Triangle,"Feb 19, 2020",82 minutes
Buffering the Vampire Slayer,5.12: Checkpoint,"Mar 4, 2020",77 minutes
Buffering the Vampire Slayer,5.13: Blood Ties,"Mar 18, 2020",96 minutes
Buffering the Vampire Slayer,0.22: Find the Helpers & Just Keep Fighting,"Mar 25, 2020",47 minutes
Buffering the Vampire Slayer,5.14: Crush,"Apr 1, 2020",92 minutes
Buffering the Vampire Slayer,0.23: Clare Kramer Interview,"Apr 8, 2020",64 minutes
Buffering the Vampire Slayer,0.24: Welcome to the Mailbag Vol 08,"Apr 15, 2020",74 minutes
Buffering the Vampire Slayer,5.15: I Was Made To Love You,"Apr 22, 2020",80 minutes
Buffering the Vampire Slayer,5.16: The Body,"Apr 29, 2020",131 minutes
Buffering the Vampire Slayer,0.25: Conversation with Jen Malkowski on The Body,"Apr 29, 2020",53 minutes
Buffering the Vampire Slayer,5.16.02: More on The Body with Kristine Sutherland and Brittany Ashley,"May 6, 2020",69 minutes
Buffering the Vampire Slayer,5.17: Forever,"May 13, 2020",91 minutes
Buffering the Vampire Slayer,0.26: A Message from Jenny & Kristin,"Jun 3, 2020",4 minutes
Buffering the Vampire Slayer,0.27: A Return,"Jul 6, 2020",14 minutes
Buffering the Vampire Slayer,"0.28: LaToya Ferguson, Alanna Bennett, & Ira Madison III on Race in the Buffy & Angelverse","Jul 8, 2020",85 minutes
Buffering the Vampire Slayer,5.18: Intervention,"Jul 15, 2020",102 minutes
Buffering the Vampire Slayer,5.19: Tough Love,"Jul 22, 2020",93 minutes
Buffering the Vampire Slayer,5.20: Spiral,"Jul 29, 2020",85 minutes
Buffering the Vampire Slayer,5.21: The Weight of the World,"Aug 12, 2020",111 minutes
Buffering the Vampire Slayer,0.29: Interview with Sharon Ferguson,"Aug 21, 2020",68 minutes
Buffering the Vampire Slayer,5.22: The Gift,"Aug 26, 2020",110 minutes
Buffering the Vampire Slayer,5.22.02: The Gift Part 2,"Sep 9, 2020",81 minutes
Buffering the Vampire Slayer,0.30: A Conversation with Alba Daza & Mackenzie MacDade,"Sep 16, 2020",65 minutes
Buffering the Vampire Slayer,0.31: Another Glorious Mailbag!,"Sep 30, 2020",61 minutes
Buffering the Vampire Slayer,6.01: Bargaining Part One,"Oct 7, 2020",93 minutes
Buffering the Vampire Slayer,6.02: Bargaining Part Two,"Oct 21, 2020",86 minutes
Buffering the Vampire Slayer,0.32: An Interview with Juliet Landau,"Oct 26, 2020",78 minutes
Buffering the Vampire Slayer,6.03: After Life,"Nov 9, 2020",89 minutes
Buffering the Vampire Slayer,6.04: Flooded,"Nov 25, 2020",95 minutes
Buffering the Vampire Slayer,6.05: Life Serial,"Dec 9, 2020",102 minutes
Buffering the Vampire Slayer,6.06: All The Way,"Jan 6, 2021",90 minutes
Buffering the Vampire Slayer,0.33: Invisi-BIPOC with Alba Daza & Mackenzie MacDade,"Jan 20, 2021",84 minutes
Buffering the Vampire Slayer,"6.07: Once More, With Feeling","Feb 10, 2021",131 minutes
Buffering the Vampire Slayer,"0.34: Once More, Behind The Scenes","Feb 24, 2021",92 minutes
Buffering the Vampire Slayer,6.08: Tabula Rasa,"Mar 3, 2021",94 minutes
Buffering the Vampire Slayer,6.09: Smashed,"Mar 17, 2021",87 minutes
Buffering the Vampire Slayer,6.10: Wrecked,"Mar 31, 2021",85 minutes
Buffering the Vampire Slayer,6.11: Gone,"Apr 14, 2021",85 minutes
Buffering the Vampire Slayer,0.35: Willow + The Use of Magic,"Apr 15, 2021",67 minutes
Buffering the Vampire Slayer,0.36: Clare Kramer + Fanaddicts!,"Apr 22, 2021",38 minutes
Buffering the Vampire Slayer,6.12: Doublemeat Palace,"Apr 28, 2021",89 minutes
Buffering the Vampire Slayer,6.13: Dead Things,"May 12, 2021",94 minutes
Buffering the Vampire Slayer,6.14: Older and Far Away,"May 26, 2021",91 minutes
Buffering the Vampire Slayer,6.15: As You Were,"Jun 9, 2021",99 minutes
Buffering the Vampire Slayer,6.16: Hell's Bells,"Jun 23, 2021",96 minutes
Buffering the Vampire Slayer,"0.37: Normalizing Harmful Shit, Again: Talking Mental Health + Pop Culture","Jul 7, 2021",88 minutes
Buffering the Vampire Slayer,6.17: Normal Again,"Jul 8, 2021",90 minutes
Buffering the Vampire Slayer,6.18: Entropy,"Jul 21, 2021",96 minutes
Buffering the Vampire Slayer,6.19: Seeing Red,"Aug 11, 2021",105 minutes
Buffering the Vampire Slayer,0.38: A Conversation with Amber Benson,"Aug 12, 2021",75 minutes
Buffering the Vampire Slayer,6.20: Villains,"Aug 25, 2021",99 minutes
Buffering the Vampire Slayer,6.21: Two To Go,"Sep 8, 2021",73 minutes
Buffering the Vampire Slayer,6.22: Grave,"Sep 15, 2021",114 minutes
Buffering the Vampire Slayer,0.39: Unbury Your Gays,"Oct 13, 2021",77 minutes
Buffering the Vampire Slayer,7.01: Lessons,"Nov 3, 2021",87 minutes
Buffering the Vampire Slayer,7.02: Beneath You,"Nov 17, 2021",83 minutes
Buffering the Vampire Slayer,"0.40: Seeing Red & ""The Monster Myth""","Nov 24, 2021",70 minutes
Buffering the Vampire Slayer,"7.03: Same Time, Same Place","Dec 1, 2021",81 minutes
Buffering the Vampire Slayer,7.04: Help,"Dec 15, 2021",85 minutes
Buffering the Vampire Slayer,7.05: Selfless,"Jan 12, 2022",103 minutes
Buffering the Vampire Slayer,7.06: Him,"Jan 26, 2022",97 minutes
Buffering the Vampire Slayer,7.07: Conversations with Dead People,"Feb 9, 2022",114 minutes
Buffering the Vampire Slayer,7.08: Sleeper,"Feb 23, 2022",91 minutes
Buffering the Vampire Slayer,7.09: Never Leave Me,"Mar 9, 2022",86 minutes
Buffering the Vampire Slayer,0.41: Celebrating 25 Years of Buffy from Sunnydale High,"Mar 18, 2022",95 minutes
Buffering the Vampire Slayer,0.42: Welcome to the HelenMouth: Linguistics in Buffy with Helen Zaltzman,"Mar 30, 2022",70 minutes
Buffering the Vampire Slayer,7.10: Bring on the Night,"Apr 6, 2022",92 minutes
Buffering the Vampire Slayer,7.11: Showtime,"Apr 20, 2022",101 minutes
Buffering the Vampire Slayer,7.12: Potential,"May 4, 2022",118 minutes
Buffering the Vampire Slayer,7.13: The Killer In Me,"May 18, 2022",96 minutes
Buffering the Vampire Slayer,7.14: First Date,"Jun 1, 2022",115 minutes
Buffering the Vampire Slayer,7.15: Get It Done,"Jun 15, 2022",115 minutes
Buffering the Vampire Slayer,7.16: Storyteller,"Jun 29, 2022",119 minutes
Angel On Top,3.01: Heartthrob,"Oct 14, 2020",78 minutes
Angel On Top,3.02: That Vision Thing,"Oct 28, 2020",51 minutes
Angel On Top,3.03: That Old Gang Of Mine,"Nov 18, 2020",55 minutes
Angel On Top,3.04: Carpe Noctem,"Dec 2, 2020",77 minutes
Angel On Top,3.05: Fredless,"Dec 16, 2020",60 minutes
Angel On Top,3.06: Billy,"Jan 13, 2021",107 minutes
Angel On Top,3.07: Offspring,"Feb 17, 2021",65 minutes
Angel On Top,3.08: Quickening,"Feb 25, 2021",82 minutes
Angel On Top,3.09: Lullaby,"Mar 10, 2021",77 minutes
Angel On Top,3.10: Dad,"Mar 24, 2021",84 minutes
Angel On Top,3.11: Birthday,"Apr 7, 2021",75 minutes
Angel On Top,3.12: Provider,"Apr 21, 2021",78 minutes
Angel On Top,3.13: Waiting in the Wings,"May 5, 2021",91 minutes
Angel On Top,3.14: Couplet,"May 19, 2021",97 minutes
Angel On Top,3.15: Loyalty,"Jun 2, 2021",79 minutes
Angel On Top,3.16: Sleep Tight,"Jun 16, 2021",61 minutes
Angel On Top,3.17: Forgiving,"Jun 30, 2021",65 minutes
Angel On Top,3.18: Double or Nothing,"Jul 14, 2021",78 minutes
Angel On Top,3.19: The Price,"Jul 28, 2021",82 minutes
Angel On Top,3.20: A New World,"Aug 18, 2021",83 minutes
Angel On Top,3.21: Benediction,"Sep 1, 2021",81 minutes
Angel On Top,3.22: Tomorrow,"Sep 14, 2021",96 minutes
Angel On Top,4.01: Deep Down,"Nov 12, 2021",89 minutes
